tipo,categoria,focos,percentual
ano,2015,1808,4.689039887960994
ano,2016,3186,8.2628767052233
ano,2017,3902,10.119819492712278
ano,2018,3019,7.829762954510089
ano,2019,3074,7.972405207738991
ano,2020,6123,15.879973027646663
ano,2021,5469,14.183826961979356
ano,2022,1599,4.146999325691167
ano,2023,1666,4.320763525079101
ano,2024,8712,22.594532911458064
mes,jan,601,1.55869080346491
mes,fev,717,1.8595362830022304
mes,mar,931,2.414544322838321
mes,abr,1016,2.634991441464806
mes,mai,1728,4.481560246900774
mes,jun,2228,5.778308003527154
mes,jul,5415,14.043778204263708
mes,ago,10960,28.424710825250273
mes,set,11322,29.363556201047775
mes,out,2764,7.168421598630633
mes,nov,448,1.1618859899372374
mes,dez,428,1.110016079672182
bioma,Mata Atlântica,22566,58.52481975206183
bioma,Cerrado,15992,41.47518024793817
