variavel,coef_padronizado,erro_padrao_agrupado,odds_ratio,or_ic95_inf,or_ic95_sup,p_valor,coef_mediano,coef_min,coef_max,fracao_p_menor_alfa,coef_janela_completa,p_janela_completa,coef_firth
umidade,-0.7130864284800906,0.060144564838179766,0.4901291121118661,0.43562756498436284,0.5514493706296784,1.998231864007592e-32,-0.714791047659453,-0.7349734308429412,-0.6860597076184991,1.0,-0.7132513955553893,6.926712226021016e-30,-0.7132171152102662
temperatura,0.3143843364132288,0.03703711954568534,1.3694159518341964,1.2735304377462637,1.472520792244771,2.0957679745250237e-17,0.31541603164015797,0.29760755864734983,0.3342379591442739,1.0,0.30107451325124374,7.138636121600671e-15,0.31411911552627825
tend_pressao_3h,-0.2346965532683956,0.0510567731529541,0.7908107821706889,0.7155055023382314,0.8740417664905508,4.290783244465505e-06,-0.23175546873733405,-0.2545338028409819,-0.2176287266617382,1.0,-0.22239073087123626,5.110827576482612e-06,-0.23450208190756353
pressao,0.16630465629645277,0.033023928695744914,1.1809328255454201,1.1069173009991788,1.2598974983874829,4.7564989689999844e-07,0.17123691469314628,0.15996770586935805,0.19245546944031802,1.0,0.16226833195916845,1.2883029219900736e-06,0.1662044563257169
radiacao,0.16067132379646593,0.06339046019942807,1.1742989412604838,1.0370999463078987,1.3296481292422093,0.011256634553841498,0.15959573007913813,0.13982092635160004,0.1754894434702578,1.0,0.14482150456131535,0.02691003616737137,0.1608969464259515
rajada,0.10561947343933749,0.04351855477772586,1.1113988792377465,1.02053262605756,1.210355688031919,0.015224312752362138,0.10205719635935953,0.08153060474899917,0.12546382862520702,0.86,0.12213937745547855,0.010580658427717153,0.10538801430149605
vento_dir_cos,-0.051349865907194356,0.0355839376495663,0.9499462585764697,0.8859514717853016,1.0185635702652989,0.1490027084444321,-0.05871564309987912,-0.06904233397766893,-0.04549206318603155,0.02,-0.054428717778873544,0.12292275874087151,-0.05134475091128213
vento_dir_sin,-0.03352031097160674,0.029983359739073817,0.9670352696060297,0.9118437628976623,1.0255673731761443,0.26358245187038876,-0.027576409753349865,-0.04416404205598578,-0.013052620609892023,0.0,-0.027499063408047898,0.3484360628530795,-0.033456478378726236
vel_vento,-0.027978778534399215,0.03938090052777486,0.972409002526483,0.9001769487618555,1.0504371051659815,0.4774154020549213,-0.02267308085931366,-0.038818687284618944,-0.00506890101027026,0.0,-0.033280609282865074,0.3632201207164666,-0.02780118579823017
precipitacao,0.004003772115264268,0.055312408410722685,1.0040117979184273,0.9008589730984983,1.1189761332922592,0.9422957601073643,0.002833228953768082,-0.012639648677837215,0.01780162798738658,0.0,-0.0009738525784787547,0.9868000513220015,0.02510644267173398
