etapa,variavel,VIF
inicial,"PRECIPITAÇÃO TOTAL, HORÁRIO (mm)",1.1367396313102494
inicial,"PRESSAO ATMOSFERICA AO NIVEL DA ESTACAO, HORARIA (mB)",18091.661148180367
inicial,PRESSÃO ATMOSFERICA MAX.NA HORA ANT. (AUT) (mB),16487.64116012602
inicial,PRESSÃO ATMOSFERICA MIN. NA HORA ANT. (AUT) (mB),15349.097189565771
inicial,RADIACAO GLOBAL (KJ/m²),3.366214916615005
inicial,"TEMPERATURA DO AR - BULBO SECO, HORARIA (°C)",409.2825292346946
inicial,TEMPERATURA DO PONTO DE ORVALHO (°C),242.6504543314937
inicial,TEMPERATURA MÁXIMA NA HORA ANT. (AUT) (°C),188.79773480499324
inicial,TEMPERATURA MÍNIMA NA HORA ANT. (AUT) (°C),182.50877889005798
inicial,TEMPERATURA ORVALHO MAX. NA HORA ANT. (AUT) (°C),137.619491060695
inicial,TEMPERATURA ORVALHO MIN. NA HORA ANT. (AUT) (°C),112.89806605172136
inicial,UMIDADE REL. MAX. NA HORA ANT. (AUT) (%),153.91519865248668
inicial,UMIDADE REL. MIN. NA HORA ANT. (AUT) (%),147.00779607735853
inicial,"UMIDADE RELATIVA DO AR, HORARIA (%)",355.2294060417833
inicial,"VENTO, DIREÇÃO HORARIA (gr) (° (gr))",1.0094963130177135
inicial,"VENTO, RAJADA MAXIMA (m/s)",3.664470019616167
inicial,"VENTO, VELOCIDADE HORARIA (m/s)",3.324943680996754
final,precipitacao,1.0802255433328878
final,pressao,1.7085490850044527
final,radiacao,2.3305468259987494
final,temperatura,3.5534991789759593
final,umidade,2.448276699826451
final,rajada,3.429824073361722
final,vel_vento,3.2090724992190864
final,tend_pressao_3h,1.3188906935763298
final,vento_dir_sin,1.0114255208529526
final,vento_dir_cos,1.02291905468414
